#1 Twins,,,,,,,,,
,,,,,,,,,
,,,,,,,,,
Name,IP,K/9,BB/9,HR/9,BABIP,LOB%,ERA,FIP,WAR
Jhoan Duran,53,11.1,3.1,0.5,0.307,76.60%,2.69,2.56,1.5
Griffin Jax,54,10.9,2.6,0.9,0.294,75.00%,3.2,2.99,1.1
Louis Varland,51,8.9,2.6,1.2,0.302,72.00%,3.97,3.74,0.3
Cole Sands,50,9.7,3.1,1,0.299,72.00%,3.82,3.59,0.5
Danny Coulombe,49,9,2.8,0.9,0.297,74.30%,3.54,3.45,0.4
Brock Stewart,46,11.8,3.9,0.8,0.299,76.50%,3.13,2.98,0.5
Justin Topa,42,7.9,3,0.8,0.308,72.10%,3.79,3.7,0
Jorge Alcala,42,9.4,3.9,1.2,0.284,71.70%,4.22,4.15,0.1
Michael Tonkin  ,41,8.8,3.4,1.1,0.299,71.80%,4.17,4.02,0
Kody Funderburk,39,9.2,3.8,0.9,0.306,72.10%,3.92,3.81,0
Chris Paddack,34,8.3,2.7,1.4,0.306,70.50%,4.56,4.19,0
Zebby Matthews,32,8.1,2.1,1.2,0.297,72.00%,3.99,3.83,0
Connor Prielipp,29,9.8,3.7,1,0.298,74.70%,3.65,3.66,0
Randy Dobnak  ,23,7.1,3.5,1,0.309,70.50%,4.4,4.21,0
Anthony Misiewicz,20,8.2,3.4,1.1,0.297,73.00%,4.13,4.13,0
Darren McCaughan,15,7.3,2.5,1.3,0.299,69.20%,4.57,4.36,0
David Festa,12,9.4,3.4,1,0.301,71.40%,4.05,3.75,0
Andrew Morris,11,7.5,2.5,1.1,0.301,71.90%,4.02,3.92,0
Travis Adams,10,6.5,2.9,1.2,0.3,70.50%,4.53,4.45,0
Cory Lewis,8,8.7,3.7,1.2,0.291,73.00%,4.17,4.18,0
Ryan Jensen,7,9.1,5.4,1,0.301,72.90%,4.33,4.39,0
Total,467,9.3,3.1,1,0.3,73.00%,3.78,3.64,4.4
,,,,,,,,,
,,,,,,,,,
#2 Orioles,,,,,,,,,
,,,,,,,,,
,,,,,,,,,
Name,IP,K/9,BB/9,HR/9,BABIP,LOB%,ERA,FIP,WAR
Félix Bautista,49,12.9,3.7,0.8,0.283,79.30%,2.7,2.7,1.5
Seranthony Domínguez,52,10.1,4,1.1,0.29,73.70%,3.84,3.76,0.5
Keegan Akin,57,10.2,2.8,1.1,0.292,75.30%,3.51,3.42,0.8
Yennier Cano,51,8.7,3,0.7,0.298,74.40%,3.27,3.27,0.5
Gregory Soto,50,10.2,4,0.7,0.301,74.00%,3.4,3.35,0.4
Cionel Pérez,48,8.2,4.4,0.7,0.301,72.50%,3.91,3.96,0.1
Bryan Baker,51,9.4,3.8,1.1,0.287,72.40%,3.99,3.9,0
Matt Bowman,43,7.3,3.5,1.1,0.301,71.40%,4.41,4.41,-0.1
Andrew Kittredge  ,39,8.3,2.8,1.1,0.299,73.10%,3.91,3.87,0
Colin Selby,33,9.6,4.3,0.9,0.3,71.80%,4.03,3.86,0
Kade Strowd,28,8.4,4.1,1,0.3,73.20%,4.1,4.19,0
Albert Suárez  ,25,7.8,2.8,1.3,0.299,71.40%,4.43,4.28,0
Brandon Young,23,8.2,3.1,1.2,0.296,72.20%,4.22,4.18,0
Grant Wolfram,21,8.1,4.6,1.1,0.309,70.50%,4.76,4.53,0
Trevor Rogers  ,19,8.4,3,1.1,0.296,74.30%,3.77,3.88,0
Walter Pennington,17,8,3.8,0.9,0.302,73.90%,3.8,3.97,0
Chayce McDermott  ,16,10.3,4.1,1.1,0.287,75.30%,3.7,3.81,0
Cody Poteet  ,15,7.9,3.2,1.2,0.302,70.80%,4.39,4.17,0
Cade Povich,12,8.3,3.4,1.2,0.291,71.70%,4.26,4.21,0
Kyle Bradish  ,11,10.1,2.6,0.9,0.3,75.20%,3.22,3.15,0
Charlie Morton,10,8.9,3.9,1.2,0.299,71.10%,4.49,4.46,0
Tyler Wells  ,8,9,2.4,1.4,0.285,74.10%,3.98,3.99,0
Kyle Gibson,5,7.6,3.3,1.3,0.303,71.00%,4.68,4.58,0
Total,452,9.2,3.6,1,0.296,73.40%,3.81,3.78,3.7
,,,,,,,,,
,,,,,,,,,
#3 Red Sox,,,,,,,,,
,,,,,,,,,
,,,,,,,,,
Name,IP,K/9,BB/9,HR/9,BABIP,LOB%,ERA,FIP,WAR
Aroldis Chapman,51,13.4,5.1,0.8,0.304,77.20%,3.15,2.99,1.1
Justin Slaten,53,9.3,3.4,1,0.303,73.70%,3.83,3.67,0.7
Garrett Whitlock,54,9.4,2.2,1,0.302,73.90%,3.44,3.22,0.8
Greg Weissert,49,9,3.4,0.9,0.304,72.20%,3.91,3.74,0.3
Liam Hendriks,48,10,3.1,1.3,0.303,72.60%,4.19,3.91,0.3
Brennan Bernardino  ,45,9,3.5,0.8,0.312,72.00%,3.85,3.72,0.2
Justin Wilson,44,8.8,3.3,1.1,0.313,72.50%,4.18,3.91,0.1
Luis Guerrero,42,9,4.6,1,0.296,69.30%,4.59,4.39,0
Sean Newcomb,39,9.3,4.5,0.9,0.301,72.30%,4.09,3.99,0
Josh Winckowski,36,7.5,2.9,0.9,0.31,71.50%,4.09,3.87,0
Kutter Crawford  ,34,9,2.5,1.3,0.293,72.00%,4.18,3.98,0
Zack Kelly,29,9.4,4.2,1,0.297,71.80%,4.16,4.09,0
Richard Fitts  ,28,6.9,2.6,1.2,0.3,69.70%,4.49,4.26,0
Cooper Criswell,24,6.9,2.4,1.1,0.31,68.60%,4.41,4.12,0
Hunter Dobbins,23,6.9,3,1.2,0.301,69.20%,4.58,4.39,0
Bryan Mata,21,8.2,4.4,1,0.305,71.60%,4.34,4.28,0
Austin Adams,18,9.8,4.3,1,0.297,71.40%,4.25,4.15,0
Robert Stock,13,8.4,3.8,1,0.305,71.70%,4.2,4.08,0
Walker Buehler,11,7.9,2.7,1.1,0.304,71.00%,4.22,3.98,0
Tanner Houck,11,7.9,2.8,0.9,0.308,69.30%,4.12,3.78,0
Lucas Giolito,10,8.6,3.4,1.3,0.298,71.10%,4.56,4.34,0
Chris Murphy  ,9,8.1,3.6,1.1,0.301,72.20%,4.19,4.15,0
Patrick Sandoval  ,5,8.9,3.5,0.9,0.304,73.50%,3.75,3.7,0
Total,462,9.1,3.5,1,0.303,72.10%,4.04,3.85,3.5
,,,,,,,,,
,,,,,,,,,
#4 Phillies,,,,,,,,,
,,,,,,,,,
,,,,,,,,,
Name,IP,K/9,BB/9,HR/9,BABIP,LOB%,ERA,FIP,WAR
José Alvarado,52,11,3.7,0.7,0.295,75.20%,3.08,2.91,1.4
Matt Strahm,54,10.6,2.5,1,0.28,74.60%,3.26,3.2,1.2
Orion Kerkering,51,10.1,3,0.9,0.296,73.50%,3.46,3.34,0.7
Jordan Romano,49,9.6,3.5,1.2,0.29,71.80%,4.12,3.98,0.2
José Ruiz,51,8.8,3.8,1.3,0.296,70.90%,4.47,4.28,0
Tanner Banks,56,8.9,2.9,1.1,0.299,72.90%,3.83,3.69,0.3
Joe Ross,44,7.5,3.2,1.2,0.296,70.40%,4.43,4.34,0
Taijuan Walker,41,6.8,3.2,1.4,0.291,69.30%,4.78,4.75,-0.1
Carlos Hernández,39,8.7,4.1,1.2,0.287,69.60%,4.63,4.4,0
Kyle Tyler,35,6.8,3.3,1.2,0.297,71.70%,4.4,4.52,0
Max Lazar,33,7.3,3.1,1.2,0.295,72.20%,4.23,4.3,0
John McMillon,30,9.9,5.4,1.1,0.291,74.20%,4.18,4.35,0
Michael Mercado,25,7.9,4,1.5,0.286,71.80%,4.78,4.92,-0.1
Seth Johnson,20,7.7,4.3,1.3,0.291,72.00%,4.64,4.77,0
Devin Sweet,18,8.4,3.9,1.3,0.287,72.50%,4.45,4.56,0
Alan Rangel,16,7.9,3.1,1.5,0.281,72.60%,4.41,4.57,0
Brett de Geus,15,6.4,3.7,1,0.303,71.10%,4.44,4.54,0
Mick Abel,13,8.2,4.2,1.2,0.29,72.60%,4.36,4.53,0
Guillo Zuñiga,12,7.3,4.3,1.4,0.29,71.20%,4.88,5.03,0
Ranger Suárez  ,11,8.1,3,0.9,0.3,73.90%,3.63,3.71,0
Jesús Luzardo,10,9.5,3,1.2,0.288,72.00%,3.98,3.81,0
Jose Cuas,8,7.9,4.5,1.2,0.295,71.70%,4.54,4.69,0
Andrew Painter,7,7.9,3.1,1.4,0.288,71.70%,4.47,4.5,0
Total,420,8.7,3.5,1.1,0.292,72.20%,4.12,4.07,3.5
,,,,,,,,,
,,,,,,,,,
#5 Yankees,,,,,,,,,
,,,,,,,,,
,,,,,,,,,
Name,IP,K/9,BB/9,HR/9,BABIP,LOB%,ERA,FIP,WAR
Devin Williams,51,11.4,4.3,0.7,0.281,75.60%,3.14,3.17,1
Luke Weaver,55,9.7,2.8,1.2,0.291,72.90%,3.93,3.77,0.5
Fernando Cruz,51,12.5,4,0.9,0.3,76.10%,3.27,3.06,0.9
Mark Leiter Jr.,50,10.8,3.4,1.1,0.291,73.60%,3.73,3.7,0.4
Ian Hamilton,47,10.2,3.9,0.8,0.295,74.40%,3.46,3.4,0.4
Tim Hill,45,5.5,2.7,0.8,0.305,69.70%,4.15,4.06,0.1
Tyler Matzek,43,8.4,4.6,1.1,0.284,71.10%,4.45,4.41,0
Ryan Yarbrough,41,7.1,2.6,1.4,0.287,68.50%,4.61,4.58,0
Jonathan Loáisiga  ,35,7.9,2.9,0.9,0.298,73.50%,3.67,3.75,0.1
Jake Cousins  ,33,10.2,4.6,1,0.292,74.50%,3.89,4.03,0
Brent Headrick,33,9.3,3.1,1.3,0.289,72.30%,4.14,4.05,0
Clayton Beeter  ,31,10.2,3.9,1.1,0.285,75.00%,3.79,3.89,0.1
Allan Winans,28,7.7,2.2,1.2,0.292,73.10%,3.85,3.94,0
JT Brubaker  ,23,8.8,2.8,1.3,0.294,73.50%,4.1,4.12,0
Yerry De Los Santos,21,7.2,3.3,1,0.292,70.60%,4.23,4.2,0
Scott Effross  ,20,7.5,3.1,1.2,0.297,72.30%,4.26,4.29,0
Colten Brewer,18,8.3,3.5,1.2,0.292,72.80%,4.19,4.26,0
Carlos Carrasco,15,7.3,3.1,1.6,0.303,68.60%,5.19,4.94,0
Will Warren,13,8.5,3.2,1.1,0.295,70.10%,4.27,4.05,0
Eric Reyzelman,11,9.2,4.5,1.2,0.29,73.40%,4.35,4.47,0
Luis Gil  ,8,9.9,4.4,1.3,0.282,74.00%,4.25,4.38,0
Clarke Schmidt,5,9,3.2,1.2,0.293,72.00%,4.14,4.08,0
Total,466,9.2,3.5,1.1,0.292,72.80%,3.93,3.89,3.4
,,,,,,,,,
,,,,,,,,,
#6 Dodgers,,,,,,,,,
,,,,,,,,,
,,,,,,,,,
Name,IP,K/9,BB/9,HR/9,BABIP,LOB%,ERA,FIP,WAR
Tanner Scott,54,10.9,3.7,0.7,0.294,75.00%,3.18,3.1,1.1
Kirby Yates,50,11.6,4.3,0.9,0.285,75.50%,3.36,3.41,0.7
Alex Vesia,49,11.7,4,1.2,0.277,76.80%,3.52,3.64,0.6
Evan Phillips,47,10.1,2.9,0.9,0.285,74.00%,3.3,3.18,0.6
Anthony Banda,46,8.7,3.5,1.2,0.303,72.20%,4.31,4.23,0
Ben Casparius,43,8.8,3.7,1.3,0.291,71.10%,4.45,4.34,-0.1
Jack Dreyer,41,9.6,3.9,1.1,0.287,73.80%,3.95,3.93,0.1
Michael Kopech  ,38,10.5,4.3,1.2,0.289,73.60%,4.07,4.02,0
Luis García,36,8.1,3.4,0.9,0.304,71.30%,4.03,3.86,0
Yoendrys Gómez,33,8.4,4.1,1.3,0.295,70.00%,4.72,4.58,-0.1
Blake Treinen  ,31,9.8,2.9,1,0.294,74.20%,3.5,3.46,0.1
Matt Sauer,29,7.5,3.3,1.3,0.294,69.40%,4.67,4.59,0
Justin Wrobleski,29,7.9,3.3,1.3,0.292,70.90%,4.5,4.44,0
Landon Knack,27,8.5,3.1,1.4,0.288,71.00%,4.4,4.27,0
Dustin May,23,8.7,3.3,0.9,0.285,71.40%,3.73,3.65,0
Noah Davis,20,7.6,3.4,1.3,0.285,71.30%,4.4,4.67,0
Bobby Miller,18,8.8,3.3,1.1,0.293,70.20%,4.2,3.99,0
Brusdar Graterol  ,16,8,3,0.9,0.305,73.30%,3.63,3.66,0
Tony Gonsolin,13,8,3.3,1.4,0.293,71.30%,4.64,4.57,0
Edgardo Henriquez  ,10,9,4.4,1.2,0.292,73.20%,4.33,4.44,0
Giovanny Gallegos  ,8,8.4,3.4,1.5,0.289,72.60%,4.55,4.58,0
Nick Frasso,7,7.5,3.3,1.3,0.291,72.10%,4.42,4.53,0
Total,460,9.4,3.6,1.1,0.291,72.80%,3.96,3.91,3.1
,,,,,,,,,
,,,,,,,,,
#7 Guardians,,,,,,,,,
,,,,,,,,,
,,,,,,,,,
Name,IP,K/9,BB/9,HR/9,BABIP,LOB%,ERA,FIP,WAR
Emmanuel Clase,54,8.8,2.1,0.6,0.291,75.70%,2.78,2.79,1.2
Cade Smith,56,11.4,3.3,0.7,0.296,75.40%,2.99,2.84,1.2
Hunter Gaddis,53,8.7,2.9,1.2,0.285,72.80%,3.91,3.99,0.2
Tim Herrin,51,9.8,3.8,0.8,0.296,74.10%,3.53,3.58,0.3
Jakob Junis,48,8.4,1.9,1.2,0.297,73.10%,3.78,3.68,0.2
Kolby Allard,49,7.5,2.7,1.3,0.295,72.60%,4.22,4.24,0
Joey Cantillo,46,9.8,4.3,1,0.293,73.70%,3.9,3.9,0
Nic Enright,41,9,3.2,1.2,0.288,73.40%,4.04,4.04,0
Vince Velasquez,38,8.6,3.6,1.3,0.29,73.30%,4.28,4.34,0
Paul Sewald  ,34,10.3,2.9,1.4,0.281,74.10%,3.92,3.9,0
Doug Nikhazy,32,8.5,4.9,1.2,0.289,72.60%,4.5,4.67,0
Trevor Stephan  ,30,9.4,3.3,1.1,0.295,72.70%,3.91,3.78,0
Cody Bolton,25,8,4,1.1,0.296,71.70%,4.31,4.31,0
Matt Festa,22,8.5,3.7,1.3,0.288,72.40%,4.34,4.37,0
Andrew Walters  ,21,10.2,4.4,1.1,0.291,73.90%,4.06,4.03,0
Erik Sabrowski  ,18,10.1,4.7,1,0.292,75.10%,3.84,3.98,0
Zak Kent,16,8.2,3.7,1.1,0.299,73.00%,4.09,4.11,0
Slade Cecconi  ,13,8.2,2.1,1.3,0.292,72.30%,4.11,4.04,0
Franco Aleman,11,8.9,3.5,1,0.298,73.00%,3.92,3.9,0
Ryan Webb,10,8.2,3.4,1,0.296,73.30%,3.97,4.06,0
Triston McKenzie,9,8.8,4.5,1.5,0.286,73.10%,4.63,4.79,0
Luis L. Ortiz,7,8,3.6,1.2,0.291,71.50%,4.38,4.39,0
Shane Bieber  ,5,8.9,2.3,1,0.303,73.30%,3.62,3.42,0
Total,475,9.1,3.3,1.1,0.292,73.50%,3.84,3.84,3.1
,,,,,,,,,
,,,,,,,,,
#8 Mets,,,,,,,,,
,,,,,,,,,
,,,,,,,,,
Name,IP,K/9,BB/9,HR/9,BABIP,LOB%,ERA,FIP,WAR
Edwin Díaz,53,13,3.6,0.8,0.292,75.70%,3.04,2.81,1.2
Reed Garrett,54,10.5,4.1,0.8,0.298,75.60%,3.43,3.39,0.8
Max Kranick,51,7.4,2.8,1.1,0.287,71.60%,4.1,4.12,0.1
Ryne Stanek,50,10.1,4.4,1,0.284,74.20%,3.83,3.9,0.1
Huascar Brazobán,48,9.2,4.2,0.9,0.294,72.30%,3.94,3.91,0.1
José Buttó,46,9.4,3.7,1,0.282,73.60%,3.66,3.77,0.2
Dedniel Núñez,45,9.7,3.6,1,0.286,75.10%,3.55,3.66,0.1
Kevin Herget,42,7.5,2.5,1.2,0.289,71.00%,4.17,4.1,0.1
Chris Devenski,39,8,3.4,1.3,0.286,71.80%,4.39,4.39,0
Paul Blackburn  ,37,7.9,2.7,1.1,0.295,72.80%,3.97,3.97,0
Génesis Cabrera,36,8.5,4.2,1.1,0.287,73.70%,4.09,4.32,0
Tylor Megill,29,9.5,3.4,1,0.297,72.40%,3.88,3.71,0
Danny Young  ,28,10,4.1,0.7,0.302,71.00%,3.76,3.67,0
Brooks Raley  ,27,8.9,3.7,1,0.289,74.00%,3.86,4.01,0
Brandon Waddell,24,7.9,3.5,1,0.292,73.90%,3.85,4.07,0
Tyler Zuber,21,7.7,4,1.3,0.288,71.60%,4.7,4.79,0
A.J. Minter  ,18,10.3,3.2,0.9,0.284,75.50%,3.29,3.29,0
Griffin Canning,15,8.2,3.3,1.3,0.289,70.70%,4.45,4.36,0
Clay Holmes,11,8.6,3.4,0.6,0.312,73.30%,3.45,3.3,0
Justin Hagenman,10,7.7,2.7,1.3,0.288,70.70%,4.35,4.27,0
Drew Smith  ,8,9.1,3.9,1.3,0.282,73.90%,4.17,4.33,0
Austin Warren,7,7.6,3.8,1.1,0.293,72.30%,4.29,4.41,0
Kodai Senga,5,9.5,3.8,1,0.283,74.40%,3.62,3.74,0
Total,446,9.2,3.6,1,0.29,73.30%,3.84,3.86,2.7
,,,,,,,,,
,,,,,,,,,
#9 Padres,,,,,,,,,
,,,,,,,,,
,,,,,,,,,
Name,IP,K/9,BB/9,HR/9,BABIP,LOB%,ERA,FIP,WAR
Robert Suarez,53,9.2,3.1,1,0.284,73.50%,3.57,3.57,0.7
Jason Adam,55,10.6,3.3,0.9,0.275,74.00%,3.26,3.36,0.8
Jeremiah Estrada,52,11.9,3.8,1,0.284,76.60%,3.24,3.16,0.8
Adrian Morejon,50,9.1,3.1,0.9,0.293,74.60%,3.47,3.46,0.4
Yuki Matsui,48,10.8,4,1.1,0.284,75.50%,3.58,3.64,0.3
Alek Jacob,46,8.1,3.3,1.1,0.29,70.70%,4.25,4.26,0
Wandy Peralta,44,7.8,3.7,0.9,0.284,72.90%,3.85,4.13,0
Sean Reynolds  ,43,8.5,4.7,1.1,0.29,73.10%,4.29,4.49,-0.1
David Morgan,39,7.6,3.9,1.2,0.29,72.10%,4.41,4.58,-0.1
Omar Cruz,38,8.5,4.2,1.1,0.287,71.60%,4.28,4.45,-0.1
Bryan Hoeing  ,33,7.4,2.9,1.1,0.298,72.50%,4.02,4.07,0
Ron Marinaccio,31,8.7,4.5,1.1,0.289,72.50%,4.28,4.43,0
Ryan Bergert,27,7,3.4,1.3,0.288,69.80%,4.73,4.7,0
Stephen Kolek,23,6.8,3.2,1,0.299,71.80%,4.1,4.24,0
Kyle Hart,21,7.7,2.8,1.6,0.292,70.10%,4.72,4.69,0
Francis Pena,20,7.6,3.8,1,0.295,72.90%,4.03,4.23,0
Logan Gillaspie  ,18,7.1,3.2,1.2,0.294,70.70%,4.42,4.4,0
Bradgley Rodriguez,16,8.6,4.6,1.1,0.288,73.20%,4.26,4.47,0
Jhony Brito  ,14,7.3,3,1.1,0.293,72.50%,4.02,4.12,0
Randy Vásquez,12,6.4,3.5,1.2,0.294,69.70%,4.68,4.74,0
Luis Patiño  ,10,7.8,3.9,1.3,0.283,72.80%,4.47,4.73,0
Matt Waldron  ,7,7.4,2.7,1.3,0.288,71.10%,4.38,4.42,0
Total,458,8.7,3.6,1.1,0.288,72.90%,3.96,4.04,2.6
,,,,,,,,,
,,,,,,,,,
#10 Astros,,,,,,,,,
,,,,,,,,,
,,,,,,,,,
Name,IP,K/9,BB/9,HR/9,BABIP,LOB%,ERA,FIP,WAR
Josh Hader,56,12.5,3.6,1.1,0.276,77.90%,3.12,3.15,1.2
Bryan Abreu  ,59,11.5,4,0.8,0.29,76.50%,3.16,3.21,1
Bryan King,52,9.2,3.8,0.9,0.297,74.00%,3.72,3.83,0.3
Tayler Scott,53,8.9,4,1,0.294,73.20%,4.01,4.09,0.1
Steven Okert,48,10.1,3.3,1.3,0.284,74.70%,3.82,3.99,0.2
Kaleb Ort,46,9.1,3.9,1.4,0.29,72.60%,4.5,4.55,-0.1
Bennett Sousa,44,9.2,3.6,1,0.293,72.20%,3.96,3.84,0
Logan VanWey,43,8.7,4.4,1.2,0.294,72.50%,4.32,4.48,0
Shawn Dubin  ,39,9.1,4.1,1,0.298,73.30%,3.98,4.01,0
Luis Contreras,38,8.9,4.1,1.3,0.293,71.60%,4.45,4.44,0
Forrest Whitley  ,35,9.4,4.2,1,0.298,72.70%,3.96,3.96,0
Ryan Gusto,30,7.6,3.2,1.3,0.291,71.30%,4.41,4.44,0
Nick Hernandez,26,8.7,3.8,1.4,0.282,72.80%,4.41,4.54,0
Nick Robertson,23,8.3,3.8,1.1,0.296,72.60%,4.22,4.26,0
Colton Gordon,21,7.9,2.7,1.3,0.288,73.10%,4.05,4.18,0
Lance McCullers Jr.  ,20,8.4,3.6,1,0.302,72.40%,4.08,4.06,0
Miguel Castro,18,8,4,1.1,0.298,71.60%,4.39,4.4,0
J.P. France  ,15,8.2,3.1,1.2,0.293,72.40%,4.21,4.19,0
AJ Blubaugh,13,7.9,3.6,1.3,0.293,71.60%,4.46,4.47,0
Hayden Wesneski,11,8.4,2.9,1.4,0.29,70.80%,4.48,4.41,0
Cristian Javier  ,10,9.9,3.2,1.3,0.281,73.60%,4.06,4.02,0
Luis Garcia  ,7,8.9,3,1.3,0.29,72.60%,4.17,4.08,0
Total,440,9.4,3.8,1.1,0.291,73.40%,3.97,4.02,2.6
,,,,,,,,,
,,,,,,,,,
#11 Braves,,,,,,,,,
,,,,,,,,,
,,,,,,,,,
Name,IP,K/9,BB/9,HR/9,BABIP,LOB%,ERA,FIP,WAR
Raisel Iglesias,56,9.9,2.3,1.2,0.291,75.20%,3.52,3.48,0.6
Daysbel Hernández,52,10.2,4.5,0.9,0.302,74.10%,3.77,3.68,0.6
Dylan Lee,50,10.2,2.8,1.1,0.294,75.80%,3.5,3.42,0.5
Pierce Johnson,49,10.8,3.8,0.9,0.307,75.80%,3.55,3.41,0.4
Aaron Bummer,48,10.4,3.7,0.4,0.319,75.10%,3.03,2.83,0.5
Enyel De Los Santos,46,9.2,3.3,1.2,0.289,73.20%,3.98,4.05,0.1
Rafael Montero,44,8.7,4.6,1,0.315,70.50%,4.58,4.2,0
Craig Kimbrel,41,10.8,4.2,1,0.293,73.90%,3.81,3.7,0.1
Scott Blewett,38,7.4,3.1,1.1,0.301,71.40%,4.23,4.15,0
Michael Petersen,36,8.5,3.6,1.2,0.299,70.00%,4.58,4.34,-0.1
Dylan Dodd,35,7.1,2.5,1.1,0.298,72.60%,4.05,4.09,0
Nathan Wiles,33,6.6,2.1,1.2,0.302,70.20%,4.36,4.19,0
Davis Daniel,30,7.8,2.5,1.1,0.297,71.10%,4.12,3.98,0
Domingo Gonzalez,29,8.9,4.1,1.1,0.296,72.50%,4.19,4.22,0
Joe Jiménez  ,21,10.3,3.3,1,0.294,73.80%,3.69,3.52,0
AJ Smith-Shawver  ,20,9.4,3.8,1.2,0.293,72.50%,4.2,4.05,0
Grant Holmes,16,8.6,3.5,1.1,0.303,70.90%,4.36,4.11,0
José Suarez,14,8.8,3.5,1.1,0.3,72.10%,4.11,3.96,0
Reynaldo López  ,12,9.5,3.1,1,0.292,74.50%,3.54,3.48,0
Ian Anderson,10,8,3.9,1,0.296,70.80%,4.3,4.1,0
Bryce Elder,7,7.3,3.2,1.1,0.303,70.00%,4.44,4.21,0
Total,444,9.2,3.4,1,0.3,73.00%,3.92,3.8,2.5
,,,,,,,,,
,,,,,,,,,
#12 Royals,,,,,,,,,
,,,,,,,,,
,,,,,,,,,
Name,IP,K/9,BB/9,HR/9,BABIP,LOB%,ERA,FIP,WAR
Carlos Estévez,52,8.6,3.6,0.9,0.287,71.80%,3.91,3.81,0.6
Lucas Erceg,55,9.9,3.6,0.7,0.304,72.70%,3.5,3.29,0.9
Hunter Harvey  ,41,9.5,2.7,0.8,0.298,74.20%,3.31,3.16,0.6
Angel Zerpa,50,7.8,3.1,0.9,0.301,72.00%,3.88,3.8,0.2
John Schreiber,51,8.4,3.7,1,0.299,72.10%,4.05,3.98,0.2
Daniel Lynch IV,48,7.2,2.8,1.1,0.303,70.20%,4.39,4.16,0
Chris Stratton,44,7.1,4,1.1,0.3,69.40%,4.71,4.45,0
Steven Cruz,42,8.6,4.5,1,0.298,71.80%,4.25,4.23,0
Jonathan Bowlan,39,7,3,1.2,0.301,70.00%,4.52,4.36,0
Evan Sisk,37,8.5,4.5,0.8,0.304,71.00%,4.18,4.07,0
Sam Long  ,33,7.8,3.8,1.2,0.293,70.60%,4.55,4.45,0
Noah Cameron,29,8.3,2.6,1,0.298,73.40%,3.65,3.63,0.1
Michael Lorenzen,29,7,3.7,1.1,0.287,70.20%,4.51,4.51,0
James McArthur  ,26,8.1,3,0.9,0.306,72.10%,3.91,3.77,0
Kris Bubic,22,8.8,3.2,1,0.303,72.10%,3.93,3.72,0
Kyle Wright  ,20,7.6,3.1,0.9,0.31,70.80%,4.16,3.95,0
Luinder Avila,18,7.3,3.8,1,0.306,71.10%,4.34,4.26,0
Alec Marsh  ,16,8.5,3.3,1.2,0.3,71.00%,4.39,4.19,0
Taylor Clarke,15,7.1,2.7,1.2,0.299,71.60%,4.34,4.27,0
Eric Cerantola,10,8.2,4.9,1,0.299,71.50%,4.55,4.55,0
Jacob Wallace,8,7.7,5,1.1,0.296,71.10%,4.8,4.82,0
Austin Cox,7,7.2,3.7,1.1,0.297,72.00%,4.35,4.42,0
Junior Fernández,7,7.8,4.3,0.9,0.304,71.90%,4.25,4.24,0
Total,442,8.1,3.5,1,0.299,71.50%,4.11,3.99,2.5
,,,,,,,,,
,,,,,,,,,
#13 Blue Jays,,,,,,,,,
,,,,,,,,,
,,,,,,,,,
Name,IP,K/9,BB/9,HR/9,BABIP,LOB%,ERA,FIP,WAR
Jeff Hoffman,53,11.3,2.9,0.8,0.281,77.10%,2.85,2.85,1.4
Yimi García,52,10.1,2.8,1,0.288,74.20%,3.43,3.41,0.7
Chad Green,51,8.6,2.6,1.4,0.28,72.80%,4.1,4.14,0.1
Yariel Rodríguez,49,9.4,3.9,1.2,0.289,71.80%,4.22,4.18,0.1
Brendon Little,48,8.5,4.1,0.8,0.298,74.10%,3.67,3.84,0.1
Mason Fluharty,46,8.7,3.5,1.1,0.292,72.80%,4.03,4.11,0
Dillon Tate,45,7.1,3,1,0.294,69.70%,4.16,4.17,0
Nick Sandlin  ,41,9.7,4,1.1,0.28,73.50%,3.89,4.08,0
Josh Walker,38,9.1,3.8,1,0.291,73.60%,3.86,3.9,0.1
Paxton Schultz,36,8.5,3.6,1.2,0.292,72.00%,4.25,4.19,0
Erik Swanson  ,34,8.7,3.3,1.2,0.29,73.10%,4.09,4.1,0
Eric Lauer,32,8.2,2.8,1.3,0.287,74.20%,4.01,4.18,0
Easton Lucas,29,8.2,4,1.3,0.293,70.90%,4.67,4.63,0
Ryan Burr  ,26,9.7,3.3,1,0.294,74.20%,3.7,3.65,0
Tommy Nance,21,7.9,3.3,1,0.302,72.00%,4.04,3.99,0
Braydon Fisher,20,8.7,4.9,1.2,0.29,72.80%,4.47,4.6,0
Jake Bloss,18,7,3.4,1.4,0.291,70.50%,4.83,4.81,0
Casey Lawrence,15,5.3,1.9,1.4,0.292,69.90%,4.65,4.74,0
Bowden Francis,12,8.1,2.6,1.6,0.281,70.60%,4.57,4.67,0
Alek Manoah  ,7,8.9,3.3,1.2,0.291,72.00%,4.13,4.1,0
Max Scherzer  ,5,9.4,2.2,1.4,0.282,73.40%,3.85,3.85,0
Total,440,8.9,3.4,1.1,0.289,72.90%,3.96,4,2.5
,,,,,,,,,
,,,,,,,,,
#14 Brewers,,,,,,,,,
,,,,,,,,,
,,,,,,,,,
Name,IP,K/9,BB/9,HR/9,BABIP,LOB%,ERA,FIP,WAR
Trevor Megill,52,11,3.4,1.1,0.3,76.00%,3.5,3.38,0.8
Jared Koenig,51,9,3.3,0.9,0.293,73.40%,3.67,3.69,0.4
Abner Uribe,50,10.9,5.1,0.8,0.283,74.20%,3.53,3.6,0.5
Grant Anderson,49,9.3,3.7,1.2,0.293,72.20%,4.22,4.19,0
Craig Yoho,47,10.2,3.7,0.9,0.294,73.20%,3.64,3.62,0.2
Nick Mears,46,10.8,4.1,0.9,0.297,74.40%,3.59,3.39,0.3
Joel Payamps,45,8.6,3.1,1.1,0.285,72.80%,3.84,3.87,0
Bryan Hudson,44,9.6,3.9,0.9,0.284,74.30%,3.61,3.78,0.1
Tyler Alexander,42,7.8,2.3,1.6,0.286,71.30%,4.45,4.45,0
Elvis Peguero,37,8.2,3.9,0.9,0.297,71.30%,4.03,3.96,0
Aaron Ashby  ,29,9.3,4.4,0.8,0.302,74.70%,3.6,3.77,0
Quinn Priester,28,7.5,3.2,1,0.278,73.00%,3.74,4.04,0
Elvin Rodriguez,27,8,3,1.7,0.288,70.30%,4.92,4.92,-0.1
Jacob Misiorowski,23,10.3,4.4,1,0.288,74.50%,3.77,3.92,0
DL Hall  ,20,10.1,3.9,1,0.291,75.80%,3.52,3.69,0
Chad Patrick,20,7.8,3,1.4,0.286,71.30%,4.41,4.43,0
Connor Thomas  ,19,6.5,2.5,1.1,0.297,71.10%,4.14,4.18,0
Nestor Cortes  ,15,9.2,2.6,1.4,0.281,74.00%,3.95,3.98,0
Logan Henderson,15,9.6,2.9,1.4,0.282,72.30%,4.17,4.1,0
Carlos Rodriguez,12,8.5,3.3,1.3,0.281,73.20%,4.2,4.38,0
Aaron Civale  ,10,8.4,2.8,1.5,0.288,71.40%,4.47,4.44,0
Tobias Myers,8,8.1,3,1.4,0.288,72.00%,4.36,4.39,0
Total,460,9.3,3.6,1.1,0.29,73.20%,3.88,3.9,2.4
,,,,,,,,,
,,,,,,,,,
#15 Rangers,,,,,,,,,
,,,,,,,,,
,,,,,,,,,
Name,IP,K/9,BB/9,HR/9,BABIP,LOB%,ERA,FIP,WAR
Luke Jackson,52,9.2,3.9,1.1,0.294,72.60%,4.13,4.08,0.2
Chris Martin,47,9.5,1.8,0.9,0.301,73.00%,3.3,2.95,1
Robert Garcia,51,10.2,3.4,0.8,0.294,73.00%,3.49,3.27,0.8
Hoby Milner,51,8.4,2.6,0.9,0.302,71.20%,3.83,3.58,0.4
Jacob Webb,48,9,3.7,1.2,0.291,70.00%,4.44,4.21,0.1
Jacob Latz,45,8.9,4.7,1.2,0.29,71.90%,4.46,4.46,0
Shawn Armstrong,44,9.1,3.1,1.1,0.303,70.80%,4.13,3.81,0.1
Cole Winn,49,8.1,4.1,1.2,0.295,72.10%,4.49,4.53,-0.1
Josh Sborz  ,39,9.7,3.8,1.1,0.295,73.90%,3.88,3.82,0
Marc Church  ,34,9.2,4.3,1.2,0.292,70.30%,4.53,4.29,0
Gerson Garabito,31,8,3,1.3,0.296,68.80%,4.52,4.36,0
Caleb Boushley,30,6.4,2.1,1.3,0.295,68.60%,4.58,4.34,0
Cody Bradford  ,27,8.4,2,1.4,0.287,73.40%,3.95,3.93,0
Hunter Strickland,23,7.6,4,1.4,0.289,70.90%,4.86,4.87,0
Patrick Murphy  ,21,8.5,3.9,1,0.3,72.80%,4.04,4.07,0
Emiliano Teodo,20,9.4,4.7,1,0.296,73.70%,4.02,4.13,0
Luis Curvelo,17,7.9,3.7,1.3,0.292,71.60%,4.56,4.59,0
Jack Leiter,15,9,4.1,1.2,0.291,68.80%,4.7,4.4,0
Dane Dunning,11,8.4,3.1,1.2,0.3,69.90%,4.37,4.14,0
Jon Gray  ,10,8.2,2.9,1.2,0.297,71.90%,4.25,4.15,0
Adrian Houser,8,6.6,3.3,1.1,0.305,70.70%,4.53,4.44,0
Kumar Rocker  ,7,8.6,2.7,1.1,0.301,70.30%,4.12,3.78,0
Total,486,8.8,3.4,1.1,0.295,71.60%,4.16,4.02,2.3
,,,,,,,,,
,,,,,,,,,
#16 Athletics,,,,,,,,,
,,,,,,,,,
,,,,,,,,,
Name,IP,K/9,BB/9,HR/9,BABIP,LOB%,ERA,FIP,WAR
Mason Miller,55,13.6,3,0.8,0.283,78.90%,2.54,2.33,1.9
Tyler Ferguson,52,9.2,4.4,1,0.294,71.40%,4.22,4.2,0.2
Justin Sterner,50,9.1,3.8,1.1,0.291,71.80%,4.17,4.11,0.2
T.J. McFarland,49,6.1,3.1,0.9,0.303,70.30%,4.22,4.19,0.1
Grant Holman,47,7.8,3.4,1.1,0.295,71.10%,4.25,4.2,0
Michel Otañez  ,46,10.6,5,0.9,0.292,74.80%,3.73,3.88,0.2
Noah Murdock,45,7.6,5.9,0.9,0.299,69.40%,4.84,4.89,-0.1
Carlos Duran,43,7.9,4.5,1.2,0.293,71.20%,4.7,4.77,-0.1
Hogan Harris,39,8.2,4.3,1.1,0.292,71.70%,4.42,4.49,0
Mitch Spence,36,7.3,2.7,1.1,0.3,70.80%,4.24,4.13,0
Jacob Lopez,31,8.9,4,1.1,0.291,72.40%,4.1,4.2,0
Dylan Floro,27,6.8,3.1,1.1,0.303,71.10%,4.35,4.26,0
José Leclerc  ,24,10,4.4,1.2,0.285,72.70%,4.21,4.2,0
Jason Alexander,20,6.5,2.4,1.1,0.302,69.70%,4.32,4.18,0
Gunnar Hoglund,18,6.7,2.8,1.4,0.291,70.50%,4.62,4.65,0
Elvis Alvarado,16,8.3,4.5,1.1,0.291,72.50%,4.36,4.51,0
Osvaldo Bido,14,7.6,3.7,1.3,0.29,68.10%,4.88,4.76,0
Joey Estes,13,6.6,2.5,1.7,0.283,67.30%,5.17,5.16,0
J.T. Ginn  ,11,7.2,3.3,1.1,0.301,69.60%,4.49,4.41,0
Brady Basso  ,11,8.2,2.6,1.1,0.292,73.60%,3.81,3.89,0
Michael Kelly  ,8,8.3,3.8,1.2,0.293,72.20%,4.36,4.37,0
Ryan Cusick,7,7.2,5.1,1.2,0.293,71.20%,4.89,5.05,0
Jeffrey Springs,7,8.7,3.1,1.3,0.294,73.40%,4.1,4.07,0
Total,467,8.5,3.9,1.1,0.294,71.70%,4.19,4.17,2.3
,,,,,,,,,
,,,,,,,,,
#17 Giants,,,,,,,,,
,,,,,,,,,
,,,,,,,,,
Name,IP,K/9,BB/9,HR/9,BABIP,LOB%,ERA,FIP,WAR
Ryan Walker,55,10.6,2.8,0.7,0.303,74.80%,2.99,2.83,1
Tyler Rogers,57,6.7,1.9,0.9,0.3,71.40%,3.69,3.62,0.4
Camilo Doval,51,10.6,4.1,0.6,0.301,74.00%,3.32,3.18,0.5
Erik Miller,50,10.9,4.9,0.8,0.294,75.20%,3.54,3.54,0.3
Randy Rodríguez,48,9.4,3.9,0.9,0.296,72.70%,3.84,3.8,0.1
Lou Trivino,46,8.4,3.8,1.2,0.306,70.90%,4.49,4.31,-0.1
Spencer Bivens,43,7,3.2,1,0.302,70.70%,4.31,4.28,-0.1
Sean Hjelle,41,7.6,2.5,0.8,0.308,72.20%,3.62,3.51,0.1
Keaton Winn  ,37,8.4,2.5,0.9,0.302,72.70%,3.56,3.45,0
Tristan Beck,34,7.9,2.6,1,0.294,72.60%,3.85,3.82,0
Mason Black,33,8.6,3,1,0.293,72.50%,3.88,3.83,0
Trevor McDonald,31,7.4,3.1,0.8,0.303,72.00%,3.82,3.83,0
Joel Peguero,28,6.8,3.7,1,0.3,71.00%,4.41,4.41,-0.1
Carson Ragsdale,23,8.6,3.5,1.1,0.291,72.80%,4,3.99,0
Hayden Birdsong,21,9.5,4,1,0.292,71.30%,4.13,3.99,0
Kyle Harrison,20,9.5,3.3,1.1,0.292,73.30%,3.84,3.78,0
Carson Seymour,18,7.7,2.8,0.8,0.303,72.50%,3.6,3.57,0
Jordan Hicks,15,8.1,4,0.8,0.304,71.30%,4.06,3.98,0
Landen Roupp,13,8.9,3.6,0.9,0.294,72.00%,3.89,3.72,0
Joey Lucchesi,11,6.3,3.3,0.9,0.301,71.60%,4.13,4.19,0
Antonio Jimenez,9,7.1,3.9,1,0.295,72.40%,4.22,4.37,0
Carson Whisenhunt,8,8.6,3.2,1,0.293,73.50%,3.74,3.78,0
Ethan Small  ,7,8.1,3.7,1,0.29,73.50%,3.95,4.09,0
Total,461,8.6,3.3,0.9,0.299,72.50%,3.79,3.72,2.2
,,,,,,,,,
,,,,,,,,,
#18 Pirates,,,,,,,,,
,,,,,,,,,
,,,,,,,,,
Name,IP,K/9,BB/9,HR/9,BABIP,LOB%,ERA,FIP,WAR
David Bednar,52,9.8,3.4,1,0.296,73.70%,3.69,3.54,0.8
Dennis Santana  ,51,8.2,3.6,0.8,0.296,70.90%,3.98,3.77,0.4
Caleb Ferguson,52,9,3.9,0.6,0.309,72.60%,3.64,3.51,0.6
Colin Holderman,49,8.9,3.9,1,0.299,71.20%,4.13,4,0.2
Ryan Borucki,46,8.9,3.9,1,0.298,73.60%,3.9,4,0.1
Joey Wentz,54,8.8,3.9,1.1,0.302,71.70%,4.34,4.14,0.1
Kyle Nicolas,42,8.9,4.9,1,0.301,71.60%,4.48,4.43,-0.1
Chase Shugart,40,6.9,3.4,1.1,0.301,70.40%,4.53,4.45,0
Hunter Stratton,39,8.3,3.6,1,0.297,70.20%,4.3,4.14,0
Mike Burrows,37,8.1,3.4,1.1,0.293,72.20%,4.18,4.15,0
Justin Lawrence  ,33,8.6,4.4,0.8,0.306,70.80%,4.17,4.05,0
Carmen Mlodzinski,26,7.5,3.6,0.9,0.297,71.00%,4.2,4.07,0
Tanner Rainey,24,8,4.5,1.3,0.287,71.50%,4.74,4.8,0
Tim Mayza  ,23,7,3,0.9,0.306,72.10%,4.04,3.97,0
Dauri Moreta  ,21,9.3,3.9,1.1,0.292,72.90%,4.08,4.01,0
Braxton Ashcraft,20,7.3,2.7,1,0.302,71.30%,4.1,3.97,0
Bailey Falter,18,6.7,2.7,1.3,0.293,70.10%,4.54,4.44,0
Johan Oviedo  ,15,7.6,3.9,1,0.301,71.00%,4.42,4.35,0
Thomas Harrington,14,7.3,2.7,1.3,0.294,69.90%,4.5,4.35,0
Peter Strzelecki,12,7.5,3.7,1.1,0.298,70.70%,4.52,4.43,0
Andrew Heaney,10,8.3,2.9,1.2,0.304,70.40%,4.41,4.2,0
Jared Jones  ,7,9.2,3.2,1.1,0.293,73.10%,3.85,3.78,0
Total,458,8.4,3.7,1,0.299,71.60%,4.16,4.06,2
,,,,,,,,,
,,,,,,,,,
#19 Tigers,,,,,,,,,
,,,,,,,,,
,,,,,,,,,
Name,IP,K/9,BB/9,HR/9,BABIP,LOB%,ERA,FIP,WAR
Will Vest,54,8.9,3,0.8,0.296,73.60%,3.49,3.4,0.7
Tommy Kahnle,51,9.1,3.9,0.9,0.288,72.70%,3.76,3.78,0.3
Tyler Holton,52,8,2.5,0.9,0.279,72.50%,3.52,3.57,0.5
Brant Hurter,49,7.3,2.2,1,0.295,70.80%,3.88,3.85,0.2
Brenan Hanifee,46,6.9,2.4,0.9,0.298,71.50%,3.82,3.77,0.2
Kenta Maeda,55,8.4,2.7,1.3,0.294,69.80%,4.41,4.17,0.1
Sean Guenther,43,7.3,2.6,0.9,0.301,71.90%,3.86,3.8,0
Beau Brieske  ,42,8.2,3.4,1.1,0.286,71.10%,4.19,4.12,0
Chase Lee,39,8.5,3.3,0.9,0.299,71.80%,3.85,3.8,0
John Brebbia  ,34,9.4,3.4,1.2,0.294,71.00%,4.21,4.03,0
Jason Foley  ,33,7.7,2.8,0.8,0.302,72.50%,3.68,3.62,0
Andrew Chafin,32,9.5,4.1,0.9,0.292,74.60%,3.73,3.8,0
Bailey Horn,26,8.1,4.7,1.1,0.292,71.50%,4.55,4.58,0
Matt Manning,23,7.5,3.1,1.1,0.29,72.30%,4.1,4.15,0
Alex Lange  ,20,9.9,4.6,0.8,0.297,74.00%,3.7,3.75,0
Tyler Owens,17,6.8,3.7,1.1,0.295,71.30%,4.43,4.5,0
Sawyer Gipson-Long  ,15,8.2,2.5,1,0.293,72.60%,3.76,3.71,0
Ty Madden  ,13,8.4,3.1,1.1,0.288,72.90%,3.86,3.87,0
Tyler Mattison,11,8.7,4.1,1.1,0.288,73.20%,4.06,4.15,0
Keider Montero,10,7.7,3.3,1.3,0.292,70.50%,4.49,4.47,0
Jackson Jobe,8,6.8,3.6,1.4,0.283,70.10%,4.74,4.83,0
Dietrich Enns,7,8.1,3,1,0.29,73.90%,3.76,3.9,0
Jordan Balazovic,5,7.6,3.5,0.9,0.298,72.50%,4,4.03,0
Total,467,8.2,3.1,1,0.293,72.00%,3.93,3.89,1.9
,,,,,,,,,
,,,,,,,,,
#20 Mariners,,,,,,,,,
,,,,,,,,,
,,,,,,,,,
Name,IP,K/9,BB/9,HR/9,BABIP,LOB%,ERA,FIP,WAR
Andrés Muñoz,53,12,3.6,0.6,0.289,77.30%,2.66,2.65,1.3
Gabe Speier,51,9.7,2.8,1,0.292,74.30%,3.4,3.42,0.6
Collin Snider,50,7.9,3.6,1.1,0.293,72.30%,4.16,4.24,0
Trent Thornton,53,8.7,2.7,1.3,0.29,72.20%,4.06,4.03,0
Eduard Bazardo,48,8.5,3.3,1,0.289,71.70%,3.98,3.9,0.1
Carlos Vargas,48,7.3,3.6,1,0.295,72.20%,4.1,4.24,-0.1
Matt Brash  ,46,11.2,3.8,0.8,0.288,77.10%,2.99,3.13,0.1
Troy Taylor,44,8.8,3.6,1.1,0.29,72.00%,4.11,4.18,0
Casey Legumina,43,7.9,3.2,1.1,0.293,71.50%,4.19,4.16,0
Tayler Saucedo,39,8.4,4.1,0.8,0.295,71.50%,3.99,4.01,0
Jackson Kowar  ,34,8.7,4,1.1,0.289,73.40%,4.02,4.19,0
Will Klein,29,8.9,5.1,1,0.286,73.90%,4.14,4.43,-0.1
Gregory Santos  ,28,8.9,3.5,0.6,0.309,74.30%,3.3,3.26,0.1
Jhonathan Díaz,23,7.4,3.4,0.9,0.298,71.00%,4.1,4.18,0
Shintaro Fujinami,21,9.6,4.9,1,0.284,74.20%,3.98,4.24,0
Blas Castano,18,6.9,2.9,1.1,0.291,72.30%,3.99,4.2,0
Luis F. Castillo,17,7.2,3.4,1.2,0.292,72.10%,4.28,4.42,0
Brandyn Garcia,15,8.3,3.7,0.9,0.291,74.60%,3.58,3.92,0
Logan Evans,12,6.7,3.2,1.2,0.295,69.80%,4.54,4.54,0
Emerson Hancock,11,6.6,3,1.4,0.287,70.20%,4.61,4.7,0
Trevor Gott  ,8,8.3,3.1,1.2,0.286,73.10%,4,4.11,0
Sauryn Lao,7,8.5,2.4,1.2,0.304,72.40%,3.98,3.86,0
Josh Fleming,5,5.7,2.8,0.9,0.299,73.60%,3.75,4.1,0
Total,450,8.8,3.5,1,0.292,73.10%,3.83,3.9,1.8
,,,,,,,,,
,,,,,,,,,
#21 Angels,,,,,,,,,
,,,,,,,,,
,,,,,,,,,
Name,IP,K/9,BB/9,HR/9,BABIP,LOB%,ERA,FIP,WAR
Kenley Jansen,50,10.2,3.4,1.1,0.282,73.30%,3.79,3.64,0.8
Ben Joyce  ,40,10.6,4.1,0.9,0.296,73.00%,3.67,3.65,0.4
Ryan Zeferjahn,52,9.7,4.4,1.2,0.293,71.30%,4.42,4.38,0.1
Brock Burke,54,9,3.3,1.1,0.294,73.30%,3.98,3.97,0.3
Ryan Johnson,51,8.9,3.7,1.2,0.296,73.30%,4.12,4.15,0.2
Reid Detmers,50,10.1,3.1,1.2,0.295,72.30%,3.9,3.68,0.3
Jose Fermin,46,8.9,4.3,1.3,0.291,73.00%,4.41,4.49,0
Garrett McDaniels,43,7.1,4.2,1,0.303,70.50%,4.58,4.58,-0.1
Jake Eder,40,8.3,4.2,1.3,0.295,71.20%,4.6,4.66,-0.1
Michael Darrell-Hicks,36,7.3,3.1,1.2,0.3,68.50%,4.69,4.54,0
Robert Stephenson  ,35,10.2,3.3,1.3,0.287,74.50%,3.92,3.9,0
Chase Silseth,32,8.4,4,1.2,0.296,72.60%,4.31,4.38,0
José Quijada,30,10.4,4.8,1.2,0.287,75.20%,4,4.19,0
Héctor Neris,26,9.4,3.9,1.3,0.291,73.00%,4.22,4.26,0
Connor Brogdon,19,8.2,3.7,1.4,0.289,72.10%,4.54,4.6,0
Victor Mederos,18,6.9,4.1,1.3,0.302,69.10%,5.03,5.04,-0.1
Caden Dana,14,7.8,3.5,1.5,0.29,68.90%,4.94,4.84,0
Victor González,12,7.4,4.6,1,0.301,72.90%,4.35,4.61,0
Jack Kochanowicz,8,5.1,2.7,1.3,0.301,67.80%,4.92,4.9,0
Sam Bachman  ,7,7.5,4,1.1,0.299,72.00%,4.43,4.53,0
Total,468,9,3.8,1.2,0.294,72.20%,4.24,4.23,1.8
,,,,,,,,,
,,,,,,,,,
#22 Diamondbacks,,,,,,,,,
,,,,,,,,,
,,,,,,,,,
Name,IP,K/9,BB/9,HR/9,BABIP,LOB%,ERA,FIP,WAR
Justin Martinez,55,11.3,4.7,0.5,0.306,75.40%,3.13,3.09,0.9
Shelby Miller,51,9,3.4,1,0.291,71.80%,3.87,3.74,0.2
Kevin Ginkel,50,9.6,3.1,0.9,0.304,73.60%,3.53,3.33,0.5
Ryan Thompson,49,7.4,2.8,0.9,0.3,72.70%,3.79,3.78,0.2
Jalen Beeks,48,8.3,3.5,0.9,0.305,74.70%,3.66,3.75,0.2
Juan Morillo,46,8,5.1,1,0.305,72.70%,4.47,4.54,-0.2
Scott McGough,44,8.5,3.9,1,0.301,72.80%,4.12,4.08,0
Kendall Graveman  ,41,8.6,4,0.9,0.306,72.10%,4.12,4,0
Ryne Nelson,39,7.5,2.4,1.2,0.296,72.00%,4.06,4,0
Yilber Díaz,35,8.7,4.2,1.1,0.297,72.30%,4.28,4.26,0
Drey Jameson,33,7.9,3.1,1,0.302,72.20%,3.97,3.93,0
A.J. Puk  ,31,11.1,3.1,1,0.3,76.50%,3.27,3.25,0.1
Joe Mantiply,30,7.6,2.8,0.9,0.306,72.00%,3.93,3.77,0
Bryce Jarvis,23,7.5,4.1,1,0.298,71.70%,4.37,4.42,0
Kyle Nelson,21,8.3,3.5,1.1,0.299,72.70%,4.12,4.09,0
Tommy Henry,20,7.6,3.3,1.1,0.299,72.40%,4.22,4.24,0
Andrew Saalfrank  ,18,8.1,4.6,0.7,0.31,73.60%,3.86,3.97,0
John Curtiss,16,6.3,3.2,1.3,0.297,70.00%,4.85,4.75,0
Kyle Amendt,13,9.3,4.3,1,0.298,73.20%,4.01,3.97,0
Cristian Mena,11,8.1,3.5,1,0.303,71.80%,4.13,4,0
J.P. Feyereisen,10,7.2,3.3,1.2,0.289,72.10%,4.34,4.4,0
Brandon Pfaadt,7,8.7,2.1,1.2,0.301,71.60%,3.94,3.66,0
Eduardo Rodriguez,7,8.5,2.7,1.1,0.299,73.40%,3.87,3.77,0
Total,436,8.6,3.6,1,0.301,72.90%,3.92,3.88,1.6
,,,,,,,,,
,,,,,,,,,
#23 Rays,,,,,,,,,
,,,,,,,,,
,,,,,,,,,
Name,IP,K/9,BB/9,HR/9,BABIP,LOB%,ERA,FIP,WAR
Pete Fairbanks,51,9.9,3.7,0.8,0.293,74.10%,3.5,3.4,0.8
Garrett Cleavinger,50,11.1,4,1.1,0.294,74.00%,3.72,3.69,0.4
Edwin Uceta,52,9.5,3.7,1.2,0.29,71.90%,4.2,4.14,0.1
Manuel Rodríguez,49,8.9,3.2,0.9,0.301,72.20%,3.69,3.61,0.3
Mason Montgomery,48,9,3.4,1.2,0.291,72.50%,4.12,4.09,0
Hunter Bigge,47,9.4,4.3,1.3,0.296,72.50%,4.51,4.47,-0.1
Mason Englert,45,8.2,2.8,1.2,0.298,70.90%,4.27,4.14,0
Eric Orze,44,9,3.9,1.1,0.294,73.00%,4.02,4.04,0
Cole Sulser,39,8.4,4,1.3,0.292,71.80%,4.49,4.43,0
Kevin Kelly  ,38,7.9,2.4,1,0.3,70.90%,3.87,3.81,0
Joe Boyle,36,10.7,5.8,1,0.295,72.40%,4.26,4.2,0
Alex Faedo  ,34,9,3.4,1.3,0.294,73.00%,4.28,4.24,0
Jacob Waguespack,30,8.9,3.5,1.1,0.298,73.30%,3.99,3.97,0
Jonathan Hernández  ,23,8.3,4.7,1,0.304,73.00%,4.26,4.35,0
Drew Rasmussen,21,8.9,2.3,0.8,0.293,73.30%,3.3,3.14,0.1
Nate Lavender,20,9.3,4.4,1.2,0.292,74.20%,4.1,4.27,0
Joey Gerber,18,8.5,4.1,1.3,0.294,72.30%,4.57,4.57,0
Joe Rock,16,7.3,2.7,1.2,0.298,72.60%,4.09,4.18,0
Ian Seymour,14,8.4,3,1.3,0.29,72.90%,4.21,4.3,0
Cole Wilcox,12,6.5,2.9,1.1,0.304,71.30%,4.3,4.33,0
Shane Baz,10,8.9,3.3,1.2,0.291,71.60%,4.14,4.07,0
Zack Littell,8,7.4,2.2,1.5,0.298,70.60%,4.54,4.39,0
Shane McClanahan  ,7,9.9,2.8,1.1,0.299,75.00%,3.49,3.42,0
Total,476,9.1,3.6,1.1,0.295,72.60%,4.06,4.03,1.5
,,,,,,,,,
,,,,,,,,,
#24 Cardinals,,,,,,,,,
,,,,,,,,,
,,,,,,,,,
Name,IP,K/9,BB/9,HR/9,BABIP,LOB%,ERA,FIP,WAR
Ryan Helsley,54,10.8,3.6,0.8,0.28,76.30%,3.1,3.1,1.2
Phil Maton,53,8.7,3.2,1,0.293,71.90%,3.87,3.95,0.3
JoJo Romero,52,8.8,3.4,0.9,0.295,74.20%,3.64,3.75,0.2
Kyle Leahy,51,7.4,3.3,1.1,0.297,71.90%,4.15,4.19,0
John King,49,5.9,2.8,0.8,0.303,72.70%,3.76,3.88,0.1
Riley O'Brien,46,9.2,4.5,0.9,0.301,72.90%,4.04,4.15,0.1
Matt Svanson,44,6.3,3.4,1,0.302,70.00%,4.46,4.5,-0.1
Roddery Muñoz,44,8,3.9,1.4,0.29,71.50%,4.63,4.72,-0.2
Gordon Graceffo,39,6.4,2.9,1.2,0.29,70.00%,4.49,4.47,-0.1
Ryan Fernandez,33,8.6,3.6,1,0.294,72.20%,4.01,3.89,0
Chris Roycroft,32,7.4,4.4,0.8,0.298,71.10%,4.26,4.25,0
Matthew Liberatore,31,8.1,3,0.9,0.294,71.60%,3.86,3.78,0
Steven Matz,29,7.7,2.7,1,0.302,71.80%,3.92,3.77,0
Michael McGreevy,26,6.4,2.2,1,0.3,72.00%,3.84,3.87,0
Nick Anderson,21,7.7,3.4,1.2,0.291,72.80%,4.22,4.34,0
Zack Thompson  ,20,9.1,3.9,1,0.292,75.00%,3.65,3.87,0
Sem Robberse,18,7.5,2.8,1.1,0.293,72.80%,3.93,4.02,0
Andre Pallante,16,6.5,3.6,0.8,0.303,70.90%,4.16,4.09,0
Andre Granillo,13,8.2,4.7,1.3,0.285,72.60%,4.57,4.75,0
Ryan Loutos,11,7,3.7,1.1,0.297,72.00%,4.32,4.42,0
Quinn Mathews,10,8.2,4,1,0.293,73.40%,4.04,4.23,0
Max Rajcic,8,6.8,3,1.2,0.291,71.50%,4.39,4.5,0
Alex Cornwell,7,6.5,3.2,0.9,0.3,73.20%,3.85,4.09,0
Total,460,7.9,3.4,1,0.295,72.30%,4,4.05,1.4
,,,,,,,,,
,,,,,,,,,
#25 Cubs,,,,,,,,,
,,,,,,,,,
,,,,,,,,,
Name,IP,K/9,BB/9,HR/9,BABIP,LOB%,ERA,FIP,WAR
Ryan Pressly,50,8.8,3.1,0.9,0.301,73.30%,3.64,3.49,0.5
Porter Hodge,51,9.8,4.4,0.9,0.29,72.70%,3.84,3.85,0.3
Daniel Palencia,51,10,4.5,1,0.293,72.70%,4,3.96,0
Julian Merryweather,50,9.9,3.9,0.9,0.299,73.80%,3.67,3.57,0.3
Brad Keller,47,7.6,3.8,1,0.299,71.70%,4.26,4.25,-0.1
Caleb Thielbar,46,9.7,3.7,1,0.292,74.00%,3.77,3.7,0.2
Drew Pomeranz,45,9.4,4,0.9,0.289,75.70%,3.52,3.8,0.1
Tyson Miller  ,42,8.2,3.1,1.2,0.291,72.40%,4.15,4.18,0
Nate Pearson,41,9.3,4,1.2,0.291,72.00%,4.32,4.29,0
Ryan Brasier  ,36,8.5,2.7,0.9,0.286,72.90%,3.48,3.41,0.1
Tom Cosgrove,31,8.2,4,1,0.292,69.80%,4.28,4.21,0
Ethan Roberts,29,8.8,3.5,1.2,0.299,71.40%,4.32,4.27,0
Luke Little,24,10.6,5.4,0.7,0.288,74.00%,3.6,3.81,0
Chris Flexen,23,6.6,3.3,1.4,0.293,70.80%,4.85,4.85,-0.1
Gavin Hollowell,21,9.1,3.9,1.1,0.294,71.10%,4.22,4.15,0
Jordan Wicks,20,7.8,3,1.1,0.293,72.20%,4.09,4.11,0
Michael Fulmer,18,9.1,3.9,1.2,0.299,72.40%,4.24,4.17,0
Eli Morgan  ,15,8.2,2.8,1.4,0.285,72.20%,4.26,4.28,0
Jack Neely,11,9,4,1.2,0.287,73.40%,4.16,4.25,0
Javier Assad  ,10,7.5,3.6,1.2,0.297,71.60%,4.47,4.47,0
Ben Brown,8,9.7,3.7,1,0.292,72.50%,3.85,3.74,0
Colin Rea,7,7.3,2.5,1.3,0.294,70.00%,4.4,4.27,0
Matthew Boyd,5,8.7,3,1.1,0.291,72.30%,3.97,3.93,0
Total,466,9,3.7,1,0.293,72.70%,3.98,3.97,1.2
,,,,,,,,,
,,,,,,,,,
#26 Reds,,,,,,,,,
,,,,,,,,,
,,,,,,,,,
Name,IP,K/9,BB/9,HR/9,BABIP,LOB%,ERA,FIP,WAR
Emilio Pagán,53,9.3,2.9,1.6,0.281,71.70%,4.51,4.43,0.2
Alexis Díaz,50,9.2,4.7,1.1,0.278,69.80%,4.4,4.39,0.2
Tony Santillan,51,9.7,4.1,1.3,0.295,71.10%,4.5,4.34,0.1
Taylor Rogers,49,10.1,3.8,1.2,0.31,71.40%,4.37,4.05,0.3
Graham Ashcraft,53,7.6,2.9,1,0.305,68.80%,4.4,4.04,0.2
Scott Barlow,48,9.9,4.1,1.1,0.3,71.70%,4.24,4,0.1
Brent Suter,47,6.8,2.7,1.2,0.301,70.70%,4.49,4.37,0
Lyon Richardson,43,8.4,4.4,1.3,0.3,69.90%,4.84,4.7,-0.1
Sam Moll  ,38,8.8,4.3,1.1,0.298,70.00%,4.52,4.37,0
Luis Mey,30,7.7,6,1.2,0.302,71.30%,5.13,5.26,-0.1
Ian Gibaut  ,28,8.6,3.6,1.3,0.305,70.20%,4.63,4.33,0
Carson Spiers  ,27,7.8,3.2,1.5,0.3,69.00%,5.02,4.83,0
Yosver Zulueta,26,8.6,4.4,0.9,0.307,72.80%,4.14,4.18,0
Zach Maxwell,23,9.2,5.2,1.3,0.294,72.80%,4.66,4.75,0
Connor Phillips  ,21,9.6,4.3,1.2,0.295,73.20%,4.29,4.31,0
Chase Petty,18,7.4,3.4,1.3,0.298,71.40%,4.61,4.61,0
Andrew Moore,15,9.1,5.5,1.2,0.298,72.70%,4.63,4.73,0
Nick Martinez,11,7.7,2.5,1.2,0.299,71.30%,4.18,3.99,0
Rhett Lowder  ,11,7.2,3.1,1.3,0.301,70.90%,4.55,4.49,0
Randy Wynne,9,5.3,2.2,1.8,0.297,67.30%,5.46,5.3,0
Albert Abreu,8,9,4.3,1.2,0.301,72.60%,4.42,4.42,0
Tejay Antone  ,5,8.6,3.9,1.2,0.298,72.50%,4.35,4.35,0
Total,443,8.7,3.9,1.2,0.298,70.90%,4.53,4.4,0.9
,,,,,,,,,
,,,,,,,,,
#27 Marlins,,,,,,,,,
,,,,,,,,,
,,,,,,,,,
Name,IP,K/9,BB/9,HR/9,BABIP,LOB%,ERA,FIP,WAR
Calvin Faucher,52,9.3,4.3,1,0.311,73.20%,4.12,3.97,0.1
Anthony Bender,51,9,3.5,0.9,0.305,72.00%,3.85,3.7,0.4
Jesus Tinoco,50,8.6,3.6,1,0.299,72.70%,3.98,3.9,0.3
Ronny Henriquez,49,8,3.5,1,0.303,72.00%,4.19,4.14,0.1
Anthony Veneziano,48,7.3,3.6,1.1,0.304,71.40%,4.44,4.43,-0.1
Lake Bachar,46,8.5,3.9,1.3,0.296,72.00%,4.45,4.43,-0.1
Declan Cronin  ,44,7.6,3.6,0.8,0.308,71.90%,4.01,3.96,0
George Soriano,41,8.5,4.2,1.4,0.3,70.10%,4.82,4.78,-0.2
Tyler Phillips,39,6.6,3.3,1.2,0.32,67.10%,5.14,4.48,0
Luarbert Arias,36,7.6,3.6,1.4,0.295,69.20%,4.87,4.77,-0.1
Cade Gibson,34,6.2,3.6,1.1,0.307,69.60%,4.78,4.8,-0.1
Connor Gillispie,32,7.3,3.5,1.4,0.292,70.20%,4.84,4.84,-0.1
Andrew Nardi  ,27,10.9,3.8,1,0.29,75.80%,3.5,3.53,0.1
Josh Simpson,23,8.8,4.8,1,0.297,73.70%,4.12,4.28,0
John Rooney,21,7.6,4.2,0.9,0.303,72.50%,4.14,4.29,0
Janson Junk,20,6.6,2.2,1.3,0.297,71.10%,4.31,4.25,0
Patrick Monteverde,18,6.9,3,1.2,0.299,71.60%,4.45,4.46,0
Valente Bellozo,17,6.7,3.1,1.5,0.293,70.70%,4.83,4.84,0
Josh Ekness,15,8.2,4.4,1.1,0.298,71.90%,4.44,4.46,0
Edward Cabrera,12,9.4,4.4,1.1,0.295,70.60%,4.41,4.23,0
Xzavion Curry,10,6.6,2.8,1.5,0.29,69.70%,4.83,4.77,0
Max Meyer,8,8.8,3.1,1.1,0.303,73.00%,3.96,3.84,0
Justin King,7,8.8,4.9,1.1,0.294,73.20%,4.35,4.47,0
Ryan Weathers  ,5,8,3.4,1.2,0.297,73.00%,4.15,4.24,0
Total,468,8,3.7,1.1,0.302,71.40%,4.36,4.29,0.1
,,,,,,,,,
,,,,,,,,,
#28 Nationals,,,,,,,,,
,,,,,,,,,
,,,,,,,,,
Name,IP,K/9,BB/9,HR/9,BABIP,LOB%,ERA,FIP,WAR
Kyle Finnegan,51,8.8,3.6,1,0.293,73.10%,3.91,3.87,0.3
Jorge López,51,7.8,3.4,1,0.304,70.00%,4.31,4.2,0.1
Jose A. Ferrer,50,7.8,3.1,0.8,0.298,71.00%,3.85,3.78,0.3
Jackson Rutledge,48,7.8,3.9,1.1,0.294,69.90%,4.53,4.53,-0.2
Cole Henry,46,8.8,4.1,1.3,0.291,70.30%,4.54,4.6,-0.1
Lucas Sims,46,9.5,5.1,1.3,0.285,69.40%,4.81,4.86,-0.2
Eduardo Salazar,42,6.8,3.6,0.9,0.301,69.50%,4.41,4.35,0
Colin Poche,41,8.5,4.3,1.3,0.279,71.70%,4.48,4.54,-0.1
Derek Law  ,39,7.8,3.3,1,0.295,73.00%,3.93,4.02,0
Brad Lord,34,6,3,1.1,0.299,67.90%,4.72,4.63,-0.1
Orlando Ribalta  ,33,8.2,4.7,1.3,0.289,70.30%,4.86,4.82,-0.1
Mason Thompson  ,31,7.5,3.7,1,0.296,72.30%,4.14,4.24,0
Michael Soroka  ,30,8.2,3.6,1.2,0.293,69.30%,4.54,4.37,0
Joan Adon,29,7.4,3.8,1.1,0.293,72.20%,4.29,4.48,0
Andry Lara,23,6.8,3.3,1.3,0.287,71.80%,4.42,4.61,0
Shinnosuke Ogasawara,20,7.1,3.3,1.3,0.288,72.10%,4.45,4.62,0
Zach Brzykcy,17,8.8,4.4,1.1,0.288,73.20%,4.2,4.34,0
Trevor Williams,15,7.2,2.9,1.3,0.3,70.50%,4.58,4.42,0
Tyler Stuart,12,8,2.8,1,0.291,73.10%,3.77,3.88,0
Cade Cavalli  ,11,8.2,3.5,1.1,0.291,72.00%,4.2,4.26,0
Josiah Gray  ,11,8.3,3.6,1.5,0.283,72.20%,4.59,4.71,0
Mitchell Parker,7,7.5,3.5,1.1,0.293,70.90%,4.38,4.27,0
Total,464,7.9,3.7,1.1,0.293,70.90%,4.36,4.37,-0.1
,,,,,,,,,
,,,,,,,,,
#29 White Sox,,,,,,,,,
,,,,,,,,,
,,,,,,,,,
Name,IP,K/9,BB/9,HR/9,BABIP,LOB%,ERA,FIP,WAR
Jordan Leasure,53,9.3,4.5,1.4,0.288,70.70%,4.72,4.58,0.1
Fraser Ellard,51,9,4.9,1,0.298,72.10%,4.27,4.36,0.2
Steven Wilson,52,9,4.8,1.5,0.277,70.90%,4.91,5.02,-0.2
Cam Booser,49,9.6,3.9,1.4,0.297,73.00%,4.4,4.39,0
Penn Murfee,48,8.6,3.5,1.2,0.296,70.30%,4.48,4.29,0.1
Brandon Eisert,45,8.5,3.1,1.1,0.299,71.90%,4.04,3.9,0.2
Mike Vasil,44,6.9,3.2,1.2,0.298,69.20%,4.67,4.57,0
Jared Shuster,42,6.9,3.6,1.3,0.293,70.10%,4.74,4.64,0
Bryse Wilson,39,6.5,3.1,1.5,0.293,69.20%,4.99,4.94,-0.1
Tyler Gilbert,36,8,2.9,1.3,0.295,70.40%,4.48,4.33,0
Gus Varland,33,7.9,3.7,1.2,0.294,72.50%,4.34,4.45,0
Owen White,30,6.9,3.6,1.3,0.293,71.70%,4.54,4.7,0
Justin Anderson,26,8.8,4.2,1.1,0.294,73.20%,4.21,4.31,0
James Karinchak,21,10,5,1.3,0.282,73.50%,4.47,4.56,0
Justin Dunn,19,8.2,4,1.4,0.288,71.40%,4.78,4.83,0
Jairo Iriarte,17,7.1,4.7,1.3,0.294,70.60%,5.05,5.21,-0.1
Trey McGough,15,7.3,4.2,1.3,0.29,73.10%,4.52,4.81,0
Shane Smith,14,7.9,3.4,1.2,0.299,69.60%,4.5,4.43,0
Dan Altavilla,12,8.2,4.2,1.2,0.293,72.70%,4.44,4.55,0
Anthony Hoopii-Tuionetoa,11,7.5,4.1,1.4,0.288,71.90%,4.82,4.98,0
Mike Clevinger,10,7.4,3.5,1.5,0.292,69.70%,4.97,4.98,0
Nick Nastrini,9,7.2,5.1,1.6,0.284,70.10%,5.55,5.68,0
Sean Burke,8,8,4.2,1.5,0.293,70.30%,5.05,5.05,0
Jonathan Cannon,7,6.8,3.4,1.4,0.295,69.30%,4.89,4.81,0
Total,488,8.2,3.9,1.3,0.293,71.20%,4.58,4.58,-0.1
,,,,,,,,,
,,,,,,,,,
#30 Rockies,,,,,,,,,
,,,,,,,,,
,,,,,,,,,
Name,IP,K/9,BB/9,HR/9,BABIP,LOB%,ERA,FIP,WAR
Zach Agnos,51,7.4,2.9,1.5,0.299,68.60%,4.94,4.66,-0.2
Seth Halvorsen,50,8,4,1.1,0.308,69.60%,4.72,4.42,0.1
Jake Bird,53,8.4,4,0.9,0.31,70.30%,4.34,4.09,0.2
Tyler Kinley,49,9.6,4.4,1.2,0.303,71.00%,4.62,4.31,0.1
Angel Chivilli,48,8,3.6,1.3,0.307,68.90%,4.85,4.57,-0.1
Scott Alexander,46,6.5,3.3,1,0.314,69.70%,4.54,4.3,0
Jimmy Herget,44,7.4,3.1,1.4,0.308,69.10%,4.95,4.66,0
Juan Mejia,41,8.1,4.8,1.2,0.312,68.70%,5.06,4.85,-0.1
Victor Vodnik  ,39,8.7,4.6,1,0.309,71.00%,4.55,4.28,0
Luis Peralta,38,8.5,5.3,1.3,0.31,69.70%,5.22,5.08,-0.1
Jaden Hill,34,8.4,3.9,1.2,0.314,69.00%,4.82,4.6,0
Bradley Blalock,28,6.4,3.7,1.4,0.306,68.70%,5.3,5.04,-0.1
Diego Castillo,27,7.4,4.5,1.2,0.313,69.90%,5.04,4.82,0
Jefry Yan,25,8.3,5.6,1.1,0.307,71.80%,4.86,4.91,0
Tanner Gordon,21,6.5,2.2,1.5,0.306,69.20%,4.97,4.7,0
Ryan Rolison,20,6.8,3.5,1.2,0.312,70.70%,4.78,4.62,0
Anthony Molina,18,6.1,3,1.4,0.313,68.90%,5.13,4.81,0
Gabriel Hughes,17,7.8,3.3,1.2,0.314,70.60%,4.61,4.29,0
Lucas Gilbreath,15,7.9,4.6,1.1,0.309,71.40%,4.75,4.68,0
Evan Justice,12,8.1,6.1,1.3,0.308,70.60%,5.42,5.36,0
Antonio Senzatela,9,5.4,2.4,1.3,0.316,67.10%,5.16,4.66,0
Chase Dollander  ,7,8.4,3.7,1.5,0.303,67.70%,5.2,4.89,0
Total,485,7.8,3.9,1.2,0.309,69.70%,4.84,4.59,-0.4
,,,,,,,,,
,,,,,,,,,
,,,,,,,,,
,,,,,,,,,
,,,,,,,,,
,,,,,,,,,
,,,,,,,,,
,,,,,,,,,
,,,,,,,,,
,,,,,,,,,
,,,,,,,,,
,,,,,,,,,
,,,,,,,,,
,,,,,,,,,
,,,,,,,,,
,,,,,,,,,
,,,,,,,,,
